{
    "name": "Soul Hike",
    "description": "You can leave your body to take a hike, fly around as a spirit, then go back to your body. This operates on Soul Mana, which is fueled by the spirits of the night sky.",
    "type": "origins:multiple",
    "manna": {
        "type": "origins:resource",
        "min": 0,
        "max": 100,
        "start_value": 100,
        "hud_render": {
            "should_render": true,
            "sprite_location": "origins:textures/gui/community/huang/resource_bar_01.png",
            "bar_index": 0
        }
    },
    "toggle": {
        "type": "origins:toggle",
        "active_by_default": false,
        "key": {
            "key": "key.origins.secondary_active"
        },
        "condition": {
            "type": "origins:resource",
            "resource": "*:*_manna",
            "comparison": ">",
            "compare_to": 0
        }
    },
    "fly": {
        "type": "origins:creative_flight",
        "condition": {
            "type": "origins:power_active",
            "power": "*:*_toggle"
        }
    },
    "phase": {
        "type": "origins:phasing",
        "blacklist": true,
        "render_type": "blindness",
        "view_distance": 10,
        "block_condition": {
            "type": "origins:in_tag",
            "tag": "origins:unphasable"
        },
        "phase_down_condition": {
            "type": "origins:and",
            "conditions": [
                {
                    "type": "origins:sneaking"
                },
                {
                    "type": "origins:on_block"
                }
            ]
        },
        "condition": {
            "type": "origins:power_active",
            "power": "*:*_toggle"
        }
    },
    "deplete": {
        "type": "origins:action_over_time",
        "entity_action": {
            "type": "origins:change_resource",
            "resource": "*:*_manna",
            "change": -2
        },
        "interval": 20,
        "condition": {
            "type": "origins:power_active",
            "power": "*:*_toggle"
        }
    },
    "particles": {
        "type": "origins:action_over_time",
        "entity_action": {
            "type": "origins:spawn_particles",
            "particle": {
                "type": "minecraft:dust",
                "params": "0.1 0.0 1.0 1"
            },
            "count": 32,
            "speed": 0.3,
            "force": true,
            "spread": {
                "x": 0.5,
                "y": 0.5,
                "z": 0.5
            }
        },
        "interval": 150,
        "condition": {
            "type": "origins:power_active",
            "power": "*:*_toggle"
        }
    },
    "invis": {
        "type": "origins:invisibility",
        "render_armor": true,
        "condition": {
            "type": "origins:power_active",
            "power": "*:*_toggle"
        }
    },
    "fill": {
        "type": "origins:action_over_time",
        "entity_action": {
            "type": "origins:change_resource",
            "resource": "*:*_manna",
            "change": 1
        },
        "interval": 20,
        "condition": {
            "type": "origins:and",
            "conditions": [
                {
                    "type": "origins:power_active",
                    "power": "*:*_toggle",
                    "inverted": true
                },
                {
                    "type": "origins:daytime",
                    "inverted": true
                },
                {
                    "type": "origins:exposed_to_sky"
                }
            ]
        }
    },
    "badges": [
        {
            "type": "origins:tooltip",
            "sprite": "origins:textures/gui/badge/info.png",
            "text": "You have to be exposed to the night sky to refill your Soul Mana."
        }
    ]
}