{
    "name": "Sweet Tooth",
    "description": "Upon \"eating\" sugar, you get real fast and harness it's power to fuel your Soul Mana.",
    "type": "origins:active_self",
    "entity_action": {
        "type": "origins:and",
        "actions": [
            {
                "type": "origins:equipped_item_action",
                "equipment_slot": "mainhand",
                "action": {
                    "type": "origins:consume",
                    "amount": 1
                }
            },
            {
                "type": "origins:apply_effect",
                "effect": {
                    "effect": "minecraft:speed",
                    "duration": 200,
                    "amplifier": 1,
                    "is_ambient": true,
                    "show_particles": true,
                    "show_icon": true
                }
            },
            {
                "type": "origins:change_resource",
                "resource": "pin:hike_manna",
                "change": 10
            }
        ]
    },
    "cooldown": 1,
    "hud_render": {
        "should_render": false
    },
    "key": {
        "key": "key.use",
        "continuous": true
    },
    "condition": {
        "type": "origins:equipped_item",
        "equipment_slot": "mainhand",
        "item_condition": {
            "type": "origins:ingredient",
            "ingredient": {
                "item": "minecraft:sugar"
            }
        }
    },
    "badges": [
        {
            "type": "origins:tooltip",
            "sprite": "origins:textures/gui/badge/info.png",
            "text": "Speed II for 10 seconds and plus 10% Soul Mana."
        }
    ]
}