{
    "name": "Burnout",
    "description": "Glad you are here :)",
	"hidden": true,
    "type": "origins:multiple",

	"exhaust": {
		"type": "origins:stacking_status_effect",
		"min_stacks": 0,
		"max_stacks": 1,
		"duration_per_stack": 11,
		"effects": [
			{
				"effect": "minecraft:slowness",
				"show_particles": false
			},
			{
				"effect": "minecraft:weakness",
				"amplifier": 255,
				"show_particles": false,
				"show_icon": false
			}
		]
	},

	"prevent_sprint": {
		"type": "origins:prevent_sprinting"
	},

	"steam_off": {
		"type": "origins:action_over_time",
		"entity_action": {
			"type": "origins:and",
			"actions": [
				{
					"type": "origins:change_resource",
					"resource": "mechbot:heat_heat",
					"change": -5
				},
				{
					"type": "origins:spawn_particles",
					"count": 3,
					"speed": 0.05,
					"spread": {
						"x": 0,
						"y": 0.1,
						"z": 0
					},
					"particle": "minecraft:campfire_cosy_smoke"
				}
			]
		}
	},

	"hot_interior": {
		"type": "origins:model_color",
		"green": 0.3,
		"blue": 0
	},

	"ardent_body": {
		"type": "origins:action_when_hit",
		"damage_condition": {
			"type": "origins:projectile",
			"inverted": true
		},
		"bientity_action": {
			"type": "origins:actor_action",
			"action": {
				"type": "origins:set_on_fire",
				"duration": 6
			}
		}
	},

	"cool_off": {
		"type": "origins:action_on_callback",
		"entity_action_lost": {
			"type": "origins:and",
			"actions": [
				{
					"type": "origins:play_sound",
					"sound": "minecraft:entity.generic.extinguish_fire"
				}
			]
		}
	}
}