{
    "name": "§1§l§nRain Dance",
    "description": "§3Interestingly, you have access to the TM move Rain Dance, allowing you to summon rain at will (20 minute cooldown).",
    "type": "origins:active_self",
    "entity_action": {
        "type": "origins:and",
        "actions": [
            {
                "type": "origins:play_sound",
                "sound": "minecraft:entity.drowned.swim",
                "volume": 1,
                "pitch": 1
            },
            {
                "type": "origins:execute_command",
                "command": "weather rain"
            }
        ]
    },
    "cooldown": 24000,
    "hud_render": {
        "should_render": true,
        "sprite_location": "origins:textures/gui/community/spiderkolo/resource_bar_03.png",
        "bar_index": 19
    },
    "key": {
        "key": "key.origins.secondary_active"
    }
}