{
	"name": "§cNot a Miner",
	"description": "Mining is not your domain. It takes much more time for you to mine blocks in deep caves.",
	"type": "origins:multiple",
	"badges": [
		{
			"type": "origins:keybind",
			"sprite": "origins:textures/gui/badge/info.png",
			"text": "An overlay is shown while in deep caves."
		}
	],
	"break_speed": {
		"type": "origins:modify_break_speed",
		"block_condition": {
			"type": "origins:distance_from_coordinates",
			"offset": {
				"y": -64
			},
			"ignore_x": true,
			"ignore_z": true,
			"comparison": ">",
			"compare_to": 64,
			"inverted": true
		},
		"condition": {
			"type": "origins:dimension",
			"dimension": "minecraft:overworld"
		},
		"modifier": {
			"operation": "multiply_base",
			"value": -0.8
		}
	},
	"overlay": {
		"type": "apoli:overlay",
		"texture": "minecraft:textures/misc/nausea.png",
		"red": 1,
		"green": 0.7,
		"blue": 0.3,
		"strength": 0.5,
		"draw_mode": "nausea",
		"draw_phase": "below_hud",
		"visible_in_third_person": true,
		"hide_with_hud": true,
		"condition": {
			"type": "origins:and",
			"conditions": [
				{
					"type": "origins:in_block",
					"block_condition": {
						"type": "origins:distance_from_coordinates",
						"offset": {
							"y": -64
						},
						"ignore_x": true,
						"ignore_z": true,
						"comparison": ">",
						"compare_to": 64,
						"inverted": true
					}
				},
				{
					"type": "origins:dimension",
					"dimension": "minecraft:overworld"
				}
			]
		}
	}
}