{
	"name": "§cWeak",
	"description": "Heavy weapons like axes are half as effective when in your hands.",
	"type": "origins:multiple",
	"heavy_weapons": {
		"type": "origins:modify_damage_dealt",
		"modifier": {
			"operation": "multiply_base",
			"value": -0.5
		},
		"bientity_condition": {
			"type": "origins:actor_condition",
			"condition": {
				"type": "origins:equipped_item",
				"equipment_slot": "mainhand",
				"item_condition": {
					"type": "origins:ingredient",
					"ingredient": {
						"tag": "dexterous_elf:heavy_weapons"
					}
				}
			}
		}
	},
	"heavy_weapons_tooltip": {
		"type": "origins:tooltip",
		"item_condition": {
			"type": "origins:ingredient",
			"ingredient": {
				"tag": "dexterous_elf:heavy_weapons"
			}
		},
		"text": "§7Halved Damage (§cWeak§7)."
	}
}