{
    "type": "origins:multiple",
    "name": "Rock-bottom slowness",
    "description": "You are so slow that you cannot possibly get any slower. This makes you immune to the slowness effect.",

    "slowdown": {
        "type": "origins:modify_attribute",
        "attribute": "minecraft:generic.movement_speed",
        "modifier": {
            "name": "Speed decrease",
            "value": -0.9,
            "operation": "multiply_total"
        }
    },
    
    "attack_speed_down": {
        "type": "origins:modify_attribute",
        "attribute": "minecraft:generic.attack_speed",
        "modifier": {
            "value": -0.4,
            "operation": "multiply_total"
        }
    },

    "slowness_effect_immune": {
        "type": "origins:effect_immunity",
        "effects": [
            "minecraft:slowness"
        ]
    },

    "sprint_exhaustion_scale": {
        "type": "origins:modify_exhaustion",
        "modifier": {
            "name": "Increased exhaustion",
            "operation": "multiply_base",
            "value": 8.0
        },
        "condition": {
            "type": "origins:sprinting"
        }
    }
}
