{
    "name": "Snail Foot",
    "description": "Your body's shape and stickiness makes you unable to jump.",
    "type": "origins:multiple",

    "nojump": {
        "type": "origins:modify_jump",
        "modifier": {
            "operation": "multiply_total",
            "value": -1
        }
    },
    "nojump2": {
        "condition": {
            "type": "origins:and",
            "conditions": [
                {
                    "inverted": true,
                    "type": "origins:submerged_in",
                    "fluid": "minecraft:water"
                },
                {
                    "type": "origins:on_block"
                }
            ]
        },
        "type": "origins:active_self",
        "entity_action": {
            "type": "origins:and",
            "actions": [
                {
                    "type": "origins:change_resource",
                    "resource": "*:*_nojumpbar",
                    "change": 1,
                    "operation": "add"
                },
                {
                    "type": "origins:delay",
                    "action": {
                        "type": "origins:change_resource",
                        "resource": "*:*_nojumpbar",
                        "change": -1,
                        "operation": "add"
                    },
                    "ticks": 2
                }
            ]
        },
        "cooldown": 0,
        "key": {
            "key": "key.jump",
            "continuous": true
        }
    },
    "nojumpbar": {
        "type": "origins:resource",
        "min": 0,
        "max": 1,
        "hud_render": {
            "should_render": false
        }
    },
    "nojumppatch": {
        "type": "origins:action_over_time",
        "interval": 75,
        "entity_action": {
            "type": "origins:change_resource",
            "resource": "*:*_nojumpbar",
            "change": -1,
            "operation": "add"
        }
    },
    "nojumpspeed": {
        "condition": {
            "type": "origins:resource",
            "resource": "*:*_nojumpbar",
            "comparison": "==",
            "compare_to": 1
        },
        "type": "origins:modify_velocity",
        "modifier": {
            "operation": "set_total",
            "value": 0
        },
        "axes": [
            "x",
            "z"
        ]
    }
}