{
    "name": "Strange Toxin",
    "description": "Your body can create a toxin that sickens and nauseates players you ride on, but provides a random buff to them. The toxin also allows you to poison and nauseate enemies with a punch.",
    "type": "origins:multiple",
    "badges": [
        {
            "type": "origins:tooltip",
            "text": "Buff pool: Regeneration II, Speed II, Resistance II, Strength II, Absorption II, Haste II",
            "sprite": "origins:textures/gui/badge/info.png"
        }
    ],

    "ride_players": {
        "type": "origins:action_on_entity_use",
        "bientity_action": {
            "type": "origins:mount"
        },
        "bientity_condition": {
            "type": "origins:and",
            "conditions": [
                {
                    "type": "origins:riding",
                    "inverted": true
                },
                {
                    "type": "origins:target_condition",
                    "condition": {
                        "type": "origins:entity_type",
                        "entity_type": "minecraft:player"
                    }
                }
            ]
        },
        "item_condition": {
            "type": "origins:empty"
        },
        "hands": [
            "main_hand"
        ],
        "condition": {
            "type": "origins:sneaking",
            "inverted": true
        }
    },

    "status_effects": {
        "type": "origins:action_over_time",
        "interval": 600,
        "entity_action": {
            "type": "origins:riding_action",
            "action": {
            "type": "origins:and",
            "actions": [
                {
                    "type": "origins:choice",
                    "actions": [
                        {
                            "element": {
                                "type": "origins:apply_effect",
                                "effect": {
                                    "effect": "minecraft:regeneration",
                                    "duration": 600,
                                    "amplifier": 1
                                }
                            },
                            "weight": 25
                        },
                        {
                            "element": {
                                "type": "origins:apply_effect",
                                "effect": {
                                    "effect": "minecraft:speed",
                                    "duration": 600,
                                    "amplifier": 1
                                }
                            },
                            "weight": 25
                        },
                        {
                            "element": {
                                "type": "origins:apply_effect",
                                "effect": {
                                    "effect": "minecraft:strength",
                                    "duration": 600,
                                    "amplifier": 1
                                }
                            },
                            "weight": 25
                        },
                        {
                            "element": {
                                "type": "origins:apply_effect",
                                "effect": {
                                    "effect": "minecraft:resistance",
                                    "duration": 600,
                                    "amplifier": 1
                                }
                            },
                            "weight": 25
                        },
                        {
                            "element": {
                                "type": "origins:apply_effect",
                                "effect": {
                                    "effect": "minecraft:absorption",
                                    "duration": 600,
                                    "amplifier": 1
                                }
                            },
                            "weight": 25
                        },
                        {
                            "element": {
                                "type": "origins:apply_effect",
                                "effect": {
                                    "effect": "minecraft:haste",
                                    "duration": 600,
                                    "amplifier": 1
                                }
                            },
                            "weight": 25
                        }
                    ]
                },
                {
                    "type": "origins:apply_effect",
                    "effect": {
                        "effect": "minecraft:nausea",
                        "duration": 600,
                        "amplifier": 0
                    }
                }
            ]
        }
        }
    },

    "punch-poison": {
        "type": "origins:action_on_hit",
        "bientity_action": {
            "type": "origins:target_action",
            "action": {
                "type": "origins:apply_effect",
                "effects": [
                    {
                        "effect": "minecraft:nausea",
                        "duration": 600,
                        "amplifier": 0
                    },
                    {
                        "effect": "minecraft:poison",
                        "duration": 600,
                        "amplifier": 0
                    }
                ]
            },
            "item_condition": {
                "type": "origins:empty"
            },
            "hands": ["main_hand"]
        }
    }
}