{
    "name": "Cervid Agility",
    "description": "Your lower body of a deer grants the movement and agility of one, boosting your mobility significantly.",
    "type": "origins:multiple",
    "jump_height": {
        "type": "origins:modify_jump",
        "modifier": {
            "operation": "addition",
            "value": 0.2
        }
    },
    "step_height": {
        "type": "origins:action_on_callback",
        "entity_action_chosen": {
            "type": "origins:execute_command",
            "command": "scale set pehkui:step_height 1.7 @s"
        },
        "execute_chosen_when_orb": true,
        "entity_action_lost": {
            "type": "origins:execute_command",
            "command": "scale reset @s"
        },
        "entity_action_added": {
            "type": "origins:execute_command",
            "command": "scale set pehkui:step_height 1.7 @s"
        },
        "entity_action_removed": {
            "type": "origins:execute_command",
            "command": "scale reset @s"
        },
        "entity_action_respawned": {
            "type": "origins:execute_command",
            "command": "scale set pehkui:step_height 1.7 @s"
        }
    },
    "sprinting": {
        "condition": {
            "type": "origins:sprinting"
        },
        "type": "origins:conditioned_attribute",
        "modifier": {
            "attribute": "generic.movement_speed",
            "operation": "addition",
            "value": 0.1
        },
        "tick_rate": 1,
        "update_health": true
    },
    "walking": {
        "type": "origins:attribute",
        "modifier": {
            "attribute": "generic.movement_speed",
            "operation": "addition",
            "value": 0.05
        },
        "update_health": true
    },
    "fall_height": {
        "condition": {
            "type": "origins:fall_distance",
            "comparison": "<=",
            "compare_to": 6
        },
        "type": "origins:invulnerability",
        "damage_condition": {
            "type": "origins:from_falling"
        }
    },
    "fall_damage": {
        "type": "origins:modify_damage_taken",
        "damage_condition": {
            "type": "origins:from_falling"
        },
        "modifier": {
            "operation": "multiply_total",
            "value": -0.5
        }
    },
    "air_speed": {
        "type": "origins:modify_air_speed",
        "modifier": {
            "operation": "multiply_total",
            "value": 0.75
        }
    }
}