{
    "hidden": true,
    "type": "origins:multiple",
    "shieldcount": {
        "type": "origins:resource",
        "min": 0,
        "max": 5,
        "start_value": 5,
        "hud_render": {
            "should_render": false,
            "sprite_location": "origins:textures/gui/community/spiderkolo/resource_bar_02.png",
            "bar_index": 8,
            "icon_index": 8
        },
        "min_action": {
            "type": "origins:and",
            "actions": [
                {
                    "type": "origins:play_sound",
                    "sound": "minecraft:block.glass.break",
                    "volume": 1,
                    "pitch": 1
                }
            ]
        }
    },
    "shield": {
        "type": "origins:modify_damage_taken",
        "modifier": {
            "operation": "set_total",
            "value": 0
        },
        "self_action": {
            "type": "origins:modify_resource",
            "resource": "ice_statue:break_shieldcount",
            "modifier": {
                "operation": "addition",
                "value": -1
            }
        },
        "attacker_action": {
            "type": "origins:grant_power",
            "power": "ice_statue:frosty",
            "source": "apoli:commands"
        }
    },
    "shieldload": {
        "condition": {
            "type": "origins:and",
            "conditions": [
                {
                    "type": "origins:resource",
                    "resource": "ice_statue:break_shieldcount",
                    "comparison": "==",
                    "compare_to": 0
                },
                {
                    "type": "origins:health",
                    "comparison": ">=",
                    "compare_to": 20
                }
            ]
        },
        "type": "origins:action_over_time",
        "interval": 20,
        "entity_action": {
            "type": "origins:and",
            "actions": [
                {
                    "type": "origins:delay",
                    "action": {
                        "type": "origins:modify_resource",
                        "resource": "ice_statue:break_shieldcount",
                        "modifier": {
                            "operation": "addition",
                            "value": 5
                        }
                    },
                    "ticks": 600
                }
            ]
        }
    }
}